32900011,24,12,3,1,11,1,2,1,2,58,1,5,113.4
46390011,32,5,4,3,5,0,4,2,7,16,1,5,6912.0
32900015,16,3,2,2,2,1,2,0,4,99,2,5,136.2
32900020,18,8,2,1,6,2,2,0,2,99,3,5,108.8
32900026,291,125,37,15,64,61,25,15,34,99,3,5,195.8
54480014,29,7,2,4,7,0,2,0,9,13,1,5,1403.2
32900005,9,2,1,1,2,0,0,1,2,6,1,5,1.27669288E7
32900008,13,4,2,1,4,0,1,1,2,58,1,5,100.8
32900007,24,9,4,1,9,0,2,2,2,58,1,5,125.6
15300006,10,4,1,1,4,0,0,1,2,26,2,5,166.6
15300018,27,12,4,1,10,2,3,1,2,26,3,5,239.8
15300028,27,12,4,1,10,2,3,1,2,26,3,5,225.4
18880002,48,28,0,3,19,9,0,0,7,11,1,5,1.29075231382E10
15300031,10,4,1,1,4,0,0,1,2,26,2,5,147.0
46390006,18,2,4,1,2,0,4,0,2,16,1,5,3709.4
46390005,32,5,4,3,5,0,4,0,7,16,1,5,5614.4
46390002,32,5,4,3,5,0,4,0,7,16,1,5,7625.4
46390008,32,5,4,3,5,0,4,0,7,16,1,5,7610.8
13960007,56,21,1,7,20,1,0,1,17,51,1,5,1.26391434E7
13960014,61,18,2,5,12,6,2,2,12,26,1,5,2.928980518E8
13960017,14,2,0,1,2,0,0,0,2,36,1,5,2.01308958E8
13960059,87,36,8,1,26,10,12,6,2,46,4,5,486.6
13960056,24,11,0,1,2,9,0,2,2,46,1,5,7831.6
13960064,11,2,2,1,2,0,1,1,2,6,1,5,231076.2
32900030,14,2,3,1,2,0,1,2,2,99,1,5,151.6
32900036,18,8,2,1,6,2,2,0,2,30,3,5,559188.6
32900039,11,5,0,1,3,2,0,0,2,15,1,5,64.4
32900041,47,23,0,3,8,15,0,0,8,22,1,5,2210456.0
7670012,289,92,34,23,52,40,20,14,56,60,1,5,9.45714074E7
13890001,13,4,0,2,4,0,0,0,5,7,1,5,701857.4
63390009,18,11,0,1,1,10,0,0,1,13,1,5,720473.2
63390001,13,4,1,1,2,2,0,1,2,6,1,5,4687180.6
13960096,1646,899,226,24,714,185,189,37,58,77,1,5,310261.0
62050002,11,2,2,1,2,0,1,1,2,28,2,5,127.25
62050001,35,15,5,1,6,9,4,1,2,28,2,5,1959666.2
51380010,15,5,2,1,2,3,1,1,2,11,1,5,16853.6
61780002,44,7,6,3,6,1,8,0,7,86,1,5,1054706.0
51930003,7,3,0,1,3,0,0,0,2,18,1,5,561894.0
51930002,30,7,1,4,7,0,1,0,9,18,1,5,2.622316908E8
51380009,8,2,1,1,2,0,0,1,2,11,1,5,91.8
61780012,8,2,1,1,2,0,0,1,2,86,1,5,123.0
61780010,10,4,1,1,4,0,0,1,2,86,2,5,139.0
61780005,58,17,5,9,17,0,3,3,17,86,1,5,831035.0
13960085,177,126,12,5,116,10,11,1,12,77,1,5,25572.4
73180013,244,74,32,19,41,33,31,8,50,79,2,5,3911008.2
73180019,32,11,3,3,8,3,3,0,8,79,3,5,165.75
73180022,253,79,32,19,41,38,33,8,50,79,2,5,500.0
73180021,155,49,20,11,21,28,21,8,28,79,3,5,322.0
53140002,8,2,1,1,2,0,0,1,2,11,1,5,102.0
19350007,12,2,2,1,2,0,2,0,2,51,2,5,4368.2
53140026,92,40,12,2,9,31,7,5,5,47,3,5,556621.6
36940001,40,14,7,1,6,8,6,1,2,28,2,5,1915368.6
36940003,12,2,2,1,2,0,2,0,2,28,2,5,80762.2
36940002,11,2,2,1,2,0,1,1,2,28,2,5,132.6
20410005,11,4,1,1,3,1,1,0,2,44,1,5,92.4
63080003,19,7,1,3,7,0,0,1,7,21,1,5,1279.2
55400012,32,8,3,5,8,0,1,2,8,78,2,5,199.0
23010007,11,3,1,1,2,1,1,0,2,11,1,5,71.8
61780025,11,2,2,1,2,0,1,1,2,54,1,5,329.2
61780016,45,20,2,3,12,8,0,2,7,86,1,5,522421.6
55400005,21,3,3,1,2,1,2,1,2,78,3,5,95.0
13350003,12,2,2,1,2,0,2,0,2,28,2,5,86307.2
13350002,11,2,2,1,2,0,1,1,2,28,2,5,144.2
13350001,29,12,4,1,6,6,3,1,2,28,2,5,2079429.2
55400017,30,7,2,3,5,2,2,0,7,11,1,5,767.0
55400016,18,4,2,1,2,2,2,0,2,11,2,5,223.8
55400015,47,16,2,7,13,3,0,2,13,17,1,5,1896849.4
34210015,10,2,1,1,2,0,1,0,2,6,1,5,623.4
56480007,50,6,12,2,2,4,8,4,5,61,3,5,621424.0
56480004,11,2,2,1,2,0,1,1,2,61,1,5,61.4
56480013,9,2,1,1,2,0,1,0,2,6,1,5,3920.0
44450018,30,10,1,3,7,3,2,0,7,16,1,5,19077.2
44450012,20,8,1,3,8,0,0,1,7,36,1,5,202.2
44450010,56,21,4,5,14,7,7,1,12,36,1,5,1931628.2
44450007,26,9,2,3,8,1,2,0,7,36,1,5,18952.4
44450005,48,30,3,1,2,28,3,0,2,28,1,5,1828560.0
44450004,171,84,12,8,17,67,9,3,19,28,1,5,1421.4
34210010,44,7,8,5,7,0,6,2,11,47,1,5,1312.0
88870001,14,6,1,1,6,0,0,1,2,6,1,5,661092.0
88870006,39,2,0,1,2,0,0,16,2,9,1,5,564.6
88870005,8,2,0,1,2,0,0,1,2,9,1,5,49.2
34210004,20,5,2,3,5,0,1,1,7,11,1,5,581.6
44450025,29,13,3,1,5,8,3,0,2,6,1,5,120.0
13960125,160,97,18,3,85,12,15,3,7,46,1,5,211680.8
13960132,84,48,11,1,42,6,6,5,2,46,1,5,3470.4
13960102,232,91,15,6,42,49,33,14,15,76,2,5,4479086.2
13960101,208,84,13,3,35,49,31,14,7,76,3,5,907140.2
13960106,112,52,10,1,28,24,16,6,2,76,2,5,3107.8
26690004,15,7,1,1,3,4,0,1,2,86,2,5,114.8
26690005,18,9,1,1,5,4,0,1,2,86,2,5,67.2
13960116,44,14,7,3,11,3,5,2,7,66,1,5,113721.4
34780002,12,3,1,1,3,0,1,0,2,14,2,5,787093.2
64300002,72,27,12,1,9,18,11,1,2,26,2,5,1908.8
64300004,9,2,1,1,2,0,1,0,2,26,2,5,488160.6
64300009,9,2,1,1,2,0,1,0,2,11,2,5,2052.0
23940002,20,5,1,3,5,0,0,1,7,11,1,5,1454532.4
38040009,9,2,1,1,2,0,1,0,2,38,1,5,27070.6
88180014,8,2,1,1,2,0,0,1,2,62,1,5,181.6
54480004,20,5,2,3,5,0,1,1,7,11,1,5,497.4
54480002,12,3,1,1,3,0,0,1,2,6,1,5,532945.4
38040004,19,2,3,1,2,0,2,1,2,33,1,5,50207.6
38040005,12,2,0,1,2,0,0,0,2,33,1,5,3776390.2
38040006,10,3,1,1,3,0,0,1,2,33,1,5,1665646.0
38040001,9,2,1,1,2,0,1,0,2,33,1,5,23072.2
38040015,12,2,0,1,2,0,0,0,2,38,1,5,567.0
38040016,27,11,1,2,10,1,5,3,4,10,1,5,869.6
38040013,84,21,15,8,14,7,11,4,19,38,1,5,37347.0
87590003,81,25,9,8,12,13,1,8,20,24,1,4,1267183.0
15300016,10,4,1,1,4,0,0,1,2,26,2,4,165.0
15300027,19,7,1,3,7,0,0,1,7,26,1,4,1308.6
15300021,10,4,1,1,4,0,0,1,2,26,2,4,157.4
2840002,9,2,0,1,2,0,0,0,2,16,1,4,622857.8
2840001,9,2,0,1,2,0,0,0,2,16,1,4,449838.2
13960004,20,12,1,1,11,1,0,1,2,51,4,4,3550.0
13960008,48,32,3,1,29,3,0,3,2,51,4,4,793324.0
13960011,84,41,3,7,38,3,0,3,17,51,1,4,7423204.0
13960016,36,15,0,3,7,8,0,2,7,26,1,4,4236307.8
7670002,13,4,1,1,3,1,1,0,2,60,3,4,14639.0
7670003,11,2,2,1,2,0,1,1,2,60,3,4,73.4
7670004,37,19,5,1,5,14,4,1,2,60,3,4,84.8
7670005,13,4,1,1,3,1,1,0,2,60,3,4,16010.0
13960046,10,4,1,1,4,0,0,1,2,26,2,4,182.0
13960054,184,72,16,8,62,10,20,14,18,46,1,4,934207.0
13960058,72,26,9,4,26,0,7,6,9,46,1,4,36903.4
13960062,184,72,16,8,62,10,20,14,18,46,1,4,409297.6
13960063,11,5,1,1,5,0,0,1,2,46,1,4,162.2
7670010,94,31,13,7,15,16,8,5,16,60,3,4,506724.6
13960039,17,2,0,1,2,0,0,0,2,21,1,4,2.761648752E8
13960040,16,8,1,1,7,1,0,1,2,21,3,4,283.2
56140001,5,2,0,1,2,0,0,0,2,22,3,4,617724.6
13960068,104,60,7,7,57,3,5,2,17,91,2,4,392814.6
13960070,46,31,4,1,29,2,3,1,2,91,4,4,333.2
13960074,48,33,4,1,31,2,3,1,2,91,4,4,386.5
15240004,18,9,1,1,5,4,0,1,2,9,1,4,1468354.2
15240007,17,5,3,1,2,3,2,1,2,21,1,4,65.2
15240006,16,4,3,1,2,2,2,1,2,21,1,4,54.2
51380003,23,8,4,1,4,4,3,1,2,51,2,4,128.6
15240008,17,5,3,1,2,3,2,1,2,21,1,4,128.8
15240001,24,8,4,1,8,0,4,0,2,16,1,4,5417497.8
13960086,159,120,12,1,110,10,11,1,2,77,4,4,531.6
73180009,20,7,2,1,3,4,1,1,2,39,1,4,751297.0
73180007,22,6,4,1,4,2,3,1,2,39,1,4,17862.8
73180006,28,12,4,1,12,0,2,2,2,39,1,4,21514.4
73180005,12,3,1,1,3,0,2,2,2,39,1,4,93.2
73180015,8,2,1,1,2,0,0,1,2,79,1,4,74.5
73180011,89,27,12,6,11,16,13,5,16,79,4,4,1719810.2
51840001,18,10,0,1,5,5,0,0,2,6,1,4,1.99319231E8
73180017,8,2,1,1,2,0,0,1,2,79,1,4,82.0
73180016,8,2,1,1,2,0,0,1,2,79,1,4,78.2
73180020,94,30,12,6,11,19,15,5,16,79,4,4,279.4
85690003,34,6,2,4,6,0,5,0,10,19,1,4,11937.2
53140001,9,3,1,1,3,0,0,1,2,11,1,4,98.6
53140018,15,3,3,1,2,1,2,1,2,18,1,4,110.4
73180032,54,11,7,7,11,0,7,0,16,20,1,4,21691.6
53140019,8,2,1,1,2,0,0,1,2,18,1,4,109.6
61640008,21,6,4,1,4,2,3,1,2,67,2,4,3250.6
50390010,31,10,0,4,10,0,3,0,7,16,2,4,93668.8
36650001,13,5,1,1,5,0,1,0,2,81,2,4,14065.0
2030001,10,4,1,1,4,0,0,1,2,11,1,4,86.0
53140020,11,2,2,1,2,0,1,1,2,18,1,4,207.6
20410001,39,17,6,1,9,8,2,4,2,16,3,4,628627.6
36940004,90,27,11,8,18,9,9,2,19,28,1,4,4371399.0
55400014,34,11,2,5,9,2,0,2,8,17,2,4,1265978.8
23010002,6,2,0,1,2,0,0,0,2,37,1,4,2.2134113916E9
23010003,6,2,0,1,2,0,0,0,2,37,1,4,2.2678522242E9
13120011,29,13,1,2,12,1,5,3,4,13,2,4,654902.8
13120010,93,44,11,4,44,0,8,3,10,14,1,4,2734749.4
13120008,54,19,5,6,18,1,4,1,14,18,1,4,6897648.8
13120007,42,16,5,4,15,1,4,1,9,18,2,4,3212.6
13120006,33,13,5,2,12,1,4,1,4,18,3,4,588378.2
13120005,29,12,1,4,12,0,1,0,10,14,1,4,131709.2
13120004,19,8,1,2,8,0,1,0,5,14,2,4,5935.8
13120002,24,9,3,2,8,1,1,2,5,14,2,4,217.2
13120001,9,2,1,1,2,0,1,0,2,6,1,4,713973.0
56480002,53,7,10,3,2,5,6,4,8,22,1,4,138.2
56480010,10,3,2,1,2,1,1,1,2,61,2,4,168.25
44450019,9,2,1,1,2,0,1,0,2,16,1,4,7139.6
44450015,32,8,4,3,5,3,4,1,7,21,1,4,871279.6
44450013,15,3,3,1,2,1,2,1,2,21,1,4,69.75
64480001,14,4,0,2,4,0,1,1,4,8,1,4,1767978.4
44450024,32,11,1,3,7,4,2,0,7,26,1,4,844868.6
44450022,71,29,4,5,13,16,5,0,12,26,1,4,11002.4
26690032,37,13,7,1,10,3,5,2,2,19,1,4,103.8
13960130,202,124,23,3,98,26,18,5,7,46,1,4,394853.2
26690026,34,9,3,7,9,0,2,4,12,47,1,4,133.6
26690023,8,2,1,1,2,0,0,1,2,62,1,4,125.6
26690024,90,49,10,4,21,28,4,6,10,47,1,4,96.8
26690029,34,6,4,3,6,0,4,0,8,12,1,4,9537.4
26690027,16,7,2,1,7,0,0,2,2,47,1,4,108.8
26690028,59,12,8,7,11,1,8,0,16,20,1,4,14065.2
54220002,46,10,4,2,10,0,4,0,5,24,1,4,203.8
54220001,22,7,0,2,7,0,0,0,5,9,1,4,561807.2
26690021,8,2,1,1,2,0,0,1,2,62,1,4,53.0
26690020,8,2,1,1,2,0,0,1,2,62,1,4,48.4
26690014,24,5,3,2,4,1,2,2,5,31,1,4,1878.5
26690015,11,3,1,1,2,1,2,0,2,31,1,4,116.8
26690019,204,69,27,15,47,22,24,8,38,62,1,4,3658130.2
26690016,94,34,12,6,20,14,11,5,16,62,4,4,2290335.4
26690011,8,2,1,1,2,0,0,1,2,86,1,4,105.8
26690003,9,2,1,1,2,0,1,0,2,86,1,4,5149.2
26690002,18,7,1,1,3,4,2,1,2,31,1,4,557790.8
13960119,68,20,7,1,2,18,14,3,2,66,3,4,39959.8
26690007,115,54,10,5,21,33,10,0,13,86,2,4,328.2
13960121,18,4,4,1,3,1,3,1,2,66,2,4,132.2
88350001,9,3,0,1,2,1,0,0,2,6,1,4,668394.4
12240009,37,20,4,1,13,7,4,0,2,123,4,4,2547608.0
12240006,14,5,2,1,5,0,1,1,2,123,1,4,74.75
27670001,15,2,3,1,2,0,3,0,2,16,1,4,74853.0
27670006,47,20,8,1,15,5,6,2,2,23,1,4,905.6
27670002,17,6,2,1,2,4,1,1,2,16,1,4,24487.2
27670004,18,9,1,1,5,4,0,1,2,9,1,4,548554.0
27670005,28,10,5,1,7,3,4,1,2,23,1,4,728.8
56310009,16,4,3,1,2,2,2,1,2,16,1,4,112.6
27910014,25,10,2,3,9,1,1,1,7,11,1,4,624.6
27910012,24,8,1,3,7,1,1,0,7,11,1,4,645.6
27910010,24,9,2,3,9,0,1,1,7,11,1,4,538255.2
27910006,68,20,7,7,14,6,5,2,15,19,1,4,924703.0
27910004,41,12,6,3,6,6,4,2,5,19,3,4,738420.0
27910002,29,10,2,3,9,1,1,1,7,11,1,4,651.8
58370004,29,13,1,2,12,1,5,3,4,13,2,4,572658.4
58370009,28,10,1,3,10,0,4,0,7,35,2,4,8077.2
80840005,38,16,1,4,15,1,5,3,9,13,1,4,611788.8
68720037,13,4,2,1,4,0,1,1,2,188,3,4,57.5
88180011,8,2,1,1,2,0,0,1,2,62,1,4,80.6
54480007,108,25,18,14,25,0,14,4,24,48,2,4,99.4
88180016,20,5,4,1,3,2,3,1,2,16,1,4,64.5
88180013,8,2,1,1,2,0,0,1,2,62,1,4,88.4
88180012,8,2,1,1,2,0,0,1,2,62,1,4,77.4
68720060,34,12,5,1,2,10,5,0,2,72,1,4,1208684.4
32900012,39,21,5,1,18,3,4,1,2,58,1,8,173.2
87590001,16,4,2,2,4,0,0,2,5,24,2,8,809568.4
32900014,24,9,2,3,9,0,1,1,7,58,1,8,2297.6
32900019,24,9,2,3,9,0,1,1,7,99,1,8,861.6
32900017,73,20,10,7,19,1,6,4,16,99,1,8,1017.2
13960019,28,7,1,3,6,1,0,1,7,36,2,8,64509.8
52910002,48,19,8,1,8,11,5,3,2,11,1,8,681940.2
52910001,15,2,3,1,2,0,3,0,2,11,1,8,132071.4
13960045,87,42,10,5,34,8,9,1,12,26,1,8,1624267.6
13960052,128,59,12,3,49,10,14,8,7,46,3,8,2476.0
19330001,15,2,2,1,2,0,1,1,2,21,2,8,48.75
19330004,24,5,2,3,5,0,1,1,7,21,1,8,714420.6
19330006,50,7,9,3,7,0,5,4,6,68,2,8,90.8
13960032,38,17,0,3,9,8,0,2,7,21,1,8,61845.2
19330009,27,4,4,1,4,0,2,2,2,68,2,8,82.4
19330012,52,14,5,6,9,5,3,2,13,68,2,8,165.2
19330016,34,7,3,3,5,2,2,1,7,22,2,8,218.8
32900045,24,9,2,3,9,0,1,1,7,11,1,8,1510.4
13960042,75,29,6,5,23,6,0,6,12,21,1,8,8102045.6
40000007,8,2,1,1,2,0,0,1,2,6,1,8,164.6
36650012,23,9,1,3,9,0,0,1,7,81,1,8,159.6
40000010,43,17,7,2,14,3,5,2,4,33,1,8,170.6
36650010,25,6,1,3,6,0,1,0,7,81,1,8,36074.8
36650015,9,2,1,1,2,0,1,0,2,81,1,8,8579.2
36650014,9,3,1,1,3,0,0,1,2,81,1,8,51.2
36650013,9,2,1,1,2,0,1,0,2,81,1,8,6661.0
40000011,23,8,4,1,6,2,3,1,2,33,1,8,99.0
61640029,48,15,10,1,10,5,5,5,2,25,1,8,713.2
56140002,26,8,0,5,8,0,0,0,13,22,2,8,689132.8
61640030,12,3,2,1,2,1,1,1,2,25,1,8,140.8
13960073,218,121,14,17,115,6,10,4,42,91,1,8,811084.0
13960072,101,57,7,7,54,3,5,2,17,91,2,8,59179.2
13960075,57,36,4,3,34,2,3,1,7,91,3,8,368.0
51380006,238,87,39,11,41,46,33,6,27,51,1,8,76661.6
61780007,174,73,30,3,29,44,28,2,7,86,3,8,696694.8
73180003,9,2,1,1,2,0,1,1,2,21,1,8,102.6
73180018,8,2,1,1,2,0,0,1,2,79,1,8,162.2
19350022,24,7,2,3,5,2,1,1,7,51,1,8,125.8
25420002,17,10,0,2,10,0,0,0,4,8,1,8,646489.2
73180025,8,2,1,1,2,0,0,1,2,79,1,8,61.6
73180024,8,2,1,1,2,0,0,1,2,79,1,8,60.75
19350016,22,5,2,3,5,0,2,0,7,51,1,8,7925.6
19350010,24,7,2,3,5,2,1,1,7,51,1,8,143.0
73180029,20,5,4,1,3,2,3,1,2,16,1,8,87.6
19350011,12,3,1,1,3,0,0,1,2,6,1,8,624393.6
61640023,16,4,3,1,2,2,2,1,2,31,1,8,135.6
19350017,17,2,4,1,2,0,3,1,2,51,2,8,47.8
53140010,22,9,2,1,4,5,0,2,2,102,1,8,533860.8
36650002,25,8,1,3,8,0,1,0,7,81,1,8,53941.2
36650006,25,8,1,3,8,0,1,0,7,81,1,8,53669.0
53140022,51,17,7,4,13,4,5,2,9,52,1,8,543.8
20410018,21,7,1,3,7,0,1,0,7,13,1,8,9630454.0
20410016,141,113,2,3,15,98,0,2,7,25,1,8,714029.8
41880008,12,2,0,1,2,0,0,0,2,6,1,8,24060.4
20410008,17,6,2,1,2,4,2,0,2,48,1,8,128.4
55400011,28,9,1,3,7,2,0,1,7,78,1,8,15610.6
61780023,77,39,9,4,33,6,6,3,9,54,2,8,333.6
61780022,28,16,3,1,14,2,2,1,2,54,3,8,1280.0
61780019,28,11,2,2,10,1,2,0,4,54,2,8,388.0
69920018,88,25,16,7,18,7,14,2,13,17,1,8,807.2
69920015,12,3,2,1,3,0,1,1,2,51,2,8,597575.8
69920016,23,8,2,3,8,0,1,1,7,51,1,8,542452.0
69920014,30,10,0,3,7,3,0,0,7,51,1,8,420934.6
69920011,42,10,8,1,8,2,6,2,2,51,1,8,733.0
69920008,47,15,4,3,7,8,3,1,7,51,1,8,2427.8
69920009,42,10,8,1,8,2,6,2,2,51,1,8,360.6
69920004,37,11,2,3,7,4,2,0,7,32,2,8,3175.0
13960123,57,19,4,1,2,17,6,6,2,66,1,8,60455.0
13960129,192,120,23,1,94,26,18,5,2,46,2,8,3120.0
13960107,122,47,18,2,36,11,19,3,4,76,2,8,360642.6
79280003,7,3,0,1,3,0,0,0,2,11,1,8,35618.2
12240015,26,11,2,3,11,0,1,1,7,123,2,8,373.25
12240013,167,84,15,9,61,23,14,1,22,123,2,8,2612064.6
12240019,12,5,1,1,5,0,1,0,2,123,2,8,1503.6
12240017,26,8,2,3,8,0,2,0,7,123,2,8,90181.6
39150001,359,23,0,21,23,0,134,143,42,46,1,8,1.56665714E7
12240022,11,5,1,1,5,0,0,1,2,123,2,8,559210.8
46430002,61,36,0,5,16,20,0,0,13,22,2,8,1307891.6
12240001,12,5,1,1,5,0,1,0,2,123,2,8,1214.8
12240007,11,5,1,1,5,0,0,1,2,123,2,8,45.2
65420002,68,17,0,4,6,11,14,0,13,22,2,8,3.133397642E8
68720019,87,23,16,2,3,20,10,6,4,188,2,8,1205.0
68720023,104,30,14,7,25,5,8,6,17,188,2,8,653.2
68720034,43,13,6,3,9,4,4,2,6,188,2,8,432.6
27910013,16,7,2,1,6,1,1,1,2,11,2,8,162.2
27910009,15,6,2,1,6,0,1,1,2,11,2,8,580208.6
27910007,11,4,1,1,4,0,1,0,2,13,2,8,5024.8
80840006,18,8,2,1,6,2,2,0,2,14,2,8,150.75
80840004,29,13,1,2,12,1,5,3,4,13,2,8,480761.0
80840002,26,11,2,3,9,2,1,1,7,22,2,8,87.75
88180001,9,2,1,1,2,0,1,0,2,39,1,8,10787.8
38040014,19,2,3,1,2,0,2,1,2,38,1,8,47840.2
87590002,10,2,1,1,2,0,1,0,2,24,2,10,3159.8
66670002,15,6,2,1,6,0,0,2,2,11,1,10,617937.8
66670001,10,3,1,1,2,1,0,1,2,11,1,10,105.6
66670006,21,7,1,3,7,0,1,0,7,13,1,10,8312.6
66670004,38,16,1,4,15,1,5,3,9,13,1,10,1490.8
41470001,16,4,2,2,4,0,1,2,4,13,1,10,128.4
2850009,33,13,6,1,4,9,5,1,2,6,1,10,16212.4
2850007,22,7,1,3,7,0,1,0,7,36,1,10,575838.6
81240002,9,3,0,1,2,1,0,0,2,6,1,10,25775.2
13960005,32,15,1,3,14,1,0,1,7,51,3,10,86587.8
13960018,13,4,1,1,3,1,0,1,2,36,3,10,383.8
13960021,13,4,1,1,3,1,0,1,2,36,3,10,16895.6
82770001,14,5,2,1,2,3,1,1,2,11,1,10,411.6
82770004,21,7,1,3,7,0,1,0,7,13,1,10,119161.8
13960065,31,19,3,1,18,1,2,1,2,91,3,10,467.8
13960026,22,11,2,1,8,3,0,2,2,31,2,10,104.2
32900035,10,4,1,1,4,0,0,1,2,30,2,10,51.4
13960029,77,27,3,3,11,16,0,11,7,31,1,10,129628.8
13960044,78,39,10,3,31,8,9,1,7,26,2,10,51215.6
63390008,7,3,0,1,3,0,0,0,2,44,1,10,152.0
40000006,18,9,1,1,5,4,0,1,2,31,1,10,740021.0
73190001,9,2,1,1,2,0,0,1,2,16,3,10,668949.2
13960094,317,191,41,1,146,45,36,5,2,77,3,10,974.6
13960091,159,120,12,1,110,10,11,1,2,77,3,10,320.4
14360001,29,3,3,1,2,1,3,1,2,11,2,10,8.944515554E8
13960069,31,19,3,1,18,1,2,1,2,91,3,10,260.0
13960067,58,36,4,3,34,2,3,1,7,91,3,10,1799.4
13960071,56,34,4,3,32,2,3,1,7,91,3,10,1301.2
15240003,32,9,3,3,9,0,2,1,7,16,1,10,6.20342874E7
15240002,14,5,2,1,5,0,1,1,2,16,2,10,565094.0
51930004,11,4,1,1,4,0,0,1,2,6,1,10,176.2
13960079,33,20,3,1,19,1,2,1,2,91,3,10,1811.4
13960083,159,120,12,1,110,10,11,1,2,77,3,10,246.6
13960080,42,23,3,3,22,1,2,1,7,91,2,10,1762.8
61640003,21,6,4,1,4,2,3,1,2,67,2,10,1422.2
19350021,15,4,2,1,2,2,1,1,2,51,2,10,132.6
19350020,22,5,2,3,5,0,2,0,7,51,1,10,11246.2
19350023,12,3,1,1,3,0,0,1,2,6,1,10,243.2
50390009,51,8,0,6,8,0,6,0,13,24,1,10,335337.0
85690009,22,4,3,3,4,0,4,2,5,9,1,10,180.2
85690008,8,2,1,1,2,0,0,1,2,19,1,10,109.8
50390001,62,26,8,2,24,2,2,6,5,36,2,10,958350.0
50390002,71,29,8,4,27,2,2,6,10,36,1,10,4171236.4
19350013,12,2,1,1,2,0,2,0,2,51,1,10,1499.8
85690001,10,2,1,1,2,0,2,0,2,19,1,10,5596.2
85690007,12,2,2,1,2,0,1,1,2,19,1,10,45.2
50390005,31,18,1,1,10,8,0,1,2,36,2,10,2013236.6
19350012,10,2,1,1,2,0,1,0,2,6,1,10,277.6
50390003,20,7,2,2,7,0,2,0,4,36,2,10,373.25
85690010,46,7,8,4,7,0,7,1,8,12,1,10,199.8
19350002,12,2,1,1,2,0,2,0,2,51,1,10,1911.0
19350005,17,2,4,1,2,0,3,1,2,51,2,10,49.25
61640009,33,9,5,3,7,2,3,2,7,67,1,10,3747824.6
50390011,52,13,0,6,13,0,3,0,12,16,1,10,3.99235414E7
19350004,22,5,2,3,5,0,2,0,7,51,1,10,8800.0
19350001,12,2,1,1,2,0,2,0,2,51,1,10,1556.6
61640012,24,7,1,3,7,0,1,0,7,67,1,10,3981406.4
61640014,24,10,1,3,9,1,0,1,7,11,1,10,1.7231214E7
19350006,26,5,4,3,5,0,3,1,7,51,1,10,132.4
36650003,14,8,1,1,8,0,0,1,2,81,2,10,49.8
19350008,22,5,2,3,5,0,2,0,7,51,1,10,13159.4
2030003,10,2,1,1,2,0,2,0,2,6,1,10,10833.0
51830011,8,3,0,1,3,0,1,0,2,35,2,10,1353.8
20410002,57,20,8,3,12,8,4,4,7,16,2,10,15119.8
51830012,14,6,1,1,6,0,2,0,2,35,3,10,622115.0
51830013,28,10,1,3,10,0,4,0,7,35,2,10,8266.2
41880001,8,2,0,1,2,0,0,0,2,6,1,10,3908123.2
51830005,34,4,1,3,4,0,0,6,7,35,2,10,4606350.0
51830001,9,1,0,1,1,0,2,0,1,35,2,10,190.4
41880006,12,2,0,1,2,0,0,0,2,6,1,10,19313.6
41880005,21,3,0,1,2,1,0,0,2,6,1,10,37323.0
20410017,11,4,1,1,4,0,1,0,2,13,2,10,7003.0
41880007,13,3,0,1,2,1,0,0,2,6,1,10,17083.6
41880011,12,2,0,1,2,0,0,0,2,6,1,10,18921.4
63080011,18,8,2,1,6,2,2,0,2,31,2,10,106.2
41880010,12,2,0,1,2,0,0,0,2,6,1,10,24527.8
41880013,20,3,0,1,2,1,2,0,2,6,1,10,27791.2
63080013,24,5,5,1,2,3,4,1,2,6,1,10,188.0
41880012,23,5,0,1,2,3,0,0,2,6,1,10,27330.2
41880015,16,2,0,1,2,0,0,0,2,6,1,10,31982.4
41880014,13,2,0,1,2,0,0,0,2,6,1,10,18786.4
41880017,18,3,0,1,2,1,2,0,2,6,1,10,26803.0
41880016,16,2,0,1,2,0,0,0,2,6,1,10,29543.2
41880018,15,2,0,1,2,0,0,0,2,6,1,10,25256.2
41880020,12,2,0,1,2,0,0,0,2,6,1,10,18699.4
41880022,19,5,0,1,2,3,0,0,2,6,1,10,16306.6
20410015,15,9,0,1,2,7,0,0,2,25,2,10,703408.8
63080005,19,7,1,3,7,0,0,1,7,21,1,10,1258.2
23010009,10,3,1,1,2,1,1,0,2,11,1,10,37.75
23010019,16,6,1,1,4,2,0,1,2,21,2,10,96.2
55400002,24,5,2,3,5,0,1,1,7,78,2,10,758.4
23010014,25,8,1,3,7,1,1,0,7,21,1,10,42.4
69920001,39,3,8,1,2,1,8,0,2,32,3,10,625382.2
23010022,24,8,1,3,7,1,1,0,7,21,1,10,37.6
23010021,12,5,1,1,4,1,1,0,2,21,2,10,28.6
69920012,34,6,8,1,4,2,6,2,2,51,1,10,311.2
69920010,34,6,8,1,4,2,6,2,2,51,1,10,343.8
35800001,31,8,4,2,6,2,2,2,4,13,2,10,473225.6
35800002,45,11,5,4,9,2,2,3,9,13,1,10,550038.0
35800003,16,4,2,1,2,2,2,0,2,54,2,10,45.5
35800005,16,4,2,1,2,2,2,0,2,54,2,10,37.25
35800010,42,10,4,3,8,2,3,1,7,54,2,10,74.6
35800006,33,7,4,3,5,2,3,1,7,54,1,10,186.8
35800008,49,9,5,4,6,3,4,1,9,54,2,10,135.6
44450017,13,4,1,1,2,2,2,0,2,16,2,10,235.8
44450014,15,4,2,1,2,2,2,1,2,21,2,10,218.8
44450009,44,18,3,3,11,7,6,1,7,36,2,10,1495527.4
44450006,16,6,2,1,5,1,2,0,2,36,2,10,8542.0
44450003,138,77,8,5,12,65,8,0,12,28,2,10,710732.6
44450023,13,4,1,1,2,2,2,0,2,26,2,10,229.4
26690030,22,7,4,1,5,2,3,1,2,19,1,10,55.0
26690031,28,10,5,1,7,3,4,1,2,19,1,10,56.4
13960126,155,98,18,1,92,6,12,6,2,46,1,10,1178.4
13960109,48,17,6,1,14,3,8,2,2,76,2,10,2911.4
13960104,57,31,5,1,15,16,5,2,2,76,2,10,388.8
13960111,116,26,26,1,10,16,21,7,2,66,2,10,1541.8
13960120,171,59,13,3,9,50,27,12,7,66,2,10,3365244.0
12240012,157,81,15,7,58,23,14,1,17,123,3,10,2438473.2
12240018,286,130,22,24,103,27,17,5,59,123,1,10,3.305667224E8
12240025,8,3,0,1,2,1,0,0,2,6,1,10,131.2
12240021,16,7,2,1,5,2,1,1,2,123,1,10,147.8
12240008,11,5,1,1,5,0,0,1,2,123,2,10,42.0
68720001,95,32,20,1,32,0,10,10,2,102,2,10,122.4
68720002,207,35,51,3,35,0,31,20,7,102,1,10,17876.2
68720009,12,3,2,1,2,1,1,1,2,102,4,10,131.6
68720011,8,2,1,1,2,0,0,1,2,102,4,10,94.0
68720016,16,3,3,1,3,0,2,1,2,102,1,10,157.0
68720031,13,4,2,1,2,2,1,1,2,188,2,10,50.6
27670003,38,23,4,1,9,14,0,4,2,16,1,10,852.0
56310010,14,4,2,1,2,2,2,0,2,16,1,10,180.4
56310007,17,8,0,1,0,8,4,0,1,8,1,10,78.4
56310008,12,3,2,1,3,0,1,1,2,16,1,10,95.4
56310001,14,2,2,1,2,0,3,0,2,11,1,10,3508107.6
27910011,12,5,1,1,4,1,1,0,2,11,2,10,158.4
27910001,17,7,2,1,6,1,1,1,2,11,2,10,154.2
58370008,14,6,1,1,6,0,2,0,2,35,3,10,592285.6
24790001,20,8,0,4,8,0,0,0,8,16,2,10,875086.6
68720049,19,5,3,1,2,3,3,0,2,52,1,10,82.8
68720047,21,6,3,1,2,4,3,0,2,52,1,10,117.6
68720048,26,6,4,2,2,4,4,0,5,52,1,10,58.4
68720052,10,3,1,1,2,1,1,0,2,6,1,10,111.4
68720053,14,4,2,1,2,2,2,0,2,6,1,10,88.4
68720050,19,5,3,1,2,3,3,0,2,52,1,10,52.0
38040002,16,4,2,2,4,0,2,0,4,33,2,10,549284.2
73210002,22,5,2,3,5,0,2,0,7,46,1,10,6214.2
68720059,9,4,0,1,2,2,0,0,2,72,1,10,61.8
68720064,8,2,1,1,2,0,0,1,2,24,1,10,59.6
68720061,27,9,4,1,2,7,4,0,2,72,1,10,154.8
68720062,20,6,3,1,2,4,3,0,2,72,1,10,88.2
38040010,15,2,3,1,2,0,3,0,2,38,2,10,5424.4
38040011,22,7,4,1,4,3,3,1,2,38,2,10,188.6
38040012,11,2,2,1,2,0,1,1,2,38,2,10,88.2
88030001,7,2,0,1,2,0,0,0,2,6,1,10,637511.0
73210005,55,10,10,5,10,0,8,2,12,46,1,10,374.2
73210007,22,5,2,3,5,0,2,0,7,46,1,10,6352.4
46390012,20,2,4,1,2,0,4,2,2,16,1,3,6016.2
72430012,371,71,82,5,71,0,60,22,12,16,1,3,698.8
54480011,24,5,2,4,5,0,2,0,9,18,2,3,821.8
66670005,11,4,1,1,4,0,1,0,2,13,2,3,7586.6
72430007,29,9,5,1,9,0,4,1,2,6,1,3,307.6
72430006,63,21,7,3,21,0,5,2,7,11,1,3,2069.4
72430009,5,2,0,1,2,0,0,0,2,6,1,3,138.4
72430008,46,12,11,1,12,0,9,2,2,6,1,3,241.75
72430001,17,5,3,1,5,0,2,1,2,6,1,3,543438.2
72430002,25,6,4,1,6,0,4,0,2,6,1,3,286.4
72430004,30,9,3,3,9,0,2,1,7,11,1,3,3061.2
15300001,18,8,1,1,6,2,2,2,2,11,2,3,588764.2
15300009,36,15,4,3,13,2,3,1,7,26,2,3,2319.6
15300017,19,7,1,3,7,0,0,1,7,26,1,3,1284.2
15300011,10,4,1,1,4,0,0,1,2,26,2,3,163.0
15300013,27,12,4,1,10,2,3,1,2,26,3,3,259.8
15300012,19,7,1,3,7,0,0,1,7,26,1,3,1361.0
15300019,36,15,4,3,13,2,3,1,7,26,2,3,1253.2
2850001,17,2,4,1,2,0,2,2,2,36,2,3,96.2
2850002,28,10,5,1,5,5,4,1,2,36,2,3,91.4
2850006,9,2,1,1,2,0,1,0,2,36,2,3,619830.0
15300026,10,4,1,1,4,0,0,1,2,26,2,3,159.0
2850010,9,2,1,1,2,0,1,0,2,11,2,3,3023.4
13960009,60,35,3,3,32,3,0,3,7,51,3,3,891062.6
13960012,27,12,2,1,6,6,2,2,2,26,3,3,286.4
13960020,43,10,1,5,9,1,0,1,12,36,1,3,2697019.6
59460001,25,11,0,3,3,8,0,0,7,14,1,3,590676.4
13960051,87,36,8,1,26,10,12,6,2,46,4,3,2562.0
13960060,128,59,12,3,49,10,14,8,7,46,3,3,486.25
19330003,15,2,2,1,2,0,1,1,2,21,2,3,647430.6
13960023,44,11,1,5,10,1,0,1,12,36,1,3,3305787.8
7670011,277,89,33,21,49,40,19,14,51,60,2,3,5.40405944E7
13960037,13,5,1,1,4,1,0,1,2,26,2,3,16042.2
19330010,12,3,2,1,2,1,1,1,2,68,2,3,67.75
13960043,69,36,10,1,28,8,9,1,2,26,3,3,905.6
13960041,63,26,6,3,20,6,0,6,7,21,2,3,64736.8
40000005,18,9,1,1,5,4,0,1,2,31,1,3,195.0
40000004,27,15,3,1,11,4,0,3,2,31,1,3,78.6
40000009,8,2,1,1,2,0,0,1,2,6,1,3,160.4
36650011,14,6,1,1,6,0,0,1,2,81,2,3,599506.8
73190003,36,9,1,5,8,1,0,1,12,16,1,3,9.06043666E7
40000014,11,2,2,1,2,0,1,1,2,33,1,3,151.0
62050004,85,28,9,8,18,10,7,2,19,28,1,3,4111432.6
62050006,18,9,1,1,5,4,0,1,2,9,1,3,519577.6
62050005,12,2,2,1,2,0,2,0,2,28,1,3,59095.2
62050007,36,9,6,3,2,7,4,2,6,10,1,3,1034.8
40000015,11,4,1,1,4,0,1,0,2,14,2,3,6473.0
14360005,19,8,2,1,6,2,2,0,2,18,3,3,540606.6
51930001,9,2,1,1,2,0,1,0,2,18,2,3,436597.2
13960082,216,116,15,17,109,7,10,5,42,91,1,3,768793.8
73180002,82,7,2,5,7,0,20,1,12,21,1,3,4.35194162E7
61640004,37,10,6,3,7,3,4,2,7,67,1,3,2746957.4
61640006,33,9,5,3,7,2,3,2,7,67,1,3,2747514.0
73180012,148,44,20,11,21,23,19,8,28,79,3,3,3158509.8
61640027,21,4,2,2,3,1,2,0,4,24,1,3,8207.4
61640011,12,4,1,1,4,0,1,0,2,67,2,3,553765.4
40000003,70,19,10,5,17,2,6,4,12,31,1,3,9070091.0
36650005,13,5,1,1,5,0,1,0,2,81,2,3,8095.6
36650009,13,3,1,1,3,0,1,0,2,81,2,3,6268.4
51830009,38,16,1,4,15,1,5,3,9,13,1,3,234.4
53140029,11,4,1,1,4,0,1,0,2,13,2,3,5975.6
20410003,78,26,10,5,15,11,6,4,12,16,1,3,297522.4
75150002,40,9,8,3,9,0,6,2,5,9,1,3,726622.2
51830006,51,7,1,5,7,0,0,6,12,35,1,3,4398461.6
51830002,26,4,1,3,4,0,4,0,7,35,1,3,693.8
41880004,16,2,0,1,2,0,0,0,2,6,1,3,43692.2
36940005,12,2,2,1,2,0,2,0,2,28,1,3,59639.2
36940007,36,9,6,3,2,7,4,2,6,10,1,3,1062.2
36940006,18,9,1,1,5,4,0,1,2,9,1,3,539378.8
41880019,13,3,0,1,2,1,0,0,2,6,1,3,16012.4
41880021,14,3,0,1,2,1,0,0,2,6,1,3,21954.4
55400008,21,3,3,1,2,1,2,1,2,78,2,3,103.4
23010017,12,5,1,1,4,1,1,0,2,21,2,3,27.0
23010011,10,3,1,1,2,1,1,0,2,11,1,3,34.75
23010023,14,6,1,1,4,2,0,1,2,21,2,3,92.8
23580007,18,4,2,1,4,0,2,0,2,48,3,3,67.2
55400018,68,19,8,5,12,7,6,2,8,17,2,3,232.5
35800007,18,4,2,1,2,2,2,0,2,54,3,3,60.8
35800009,19,5,2,1,3,2,2,0,2,54,3,3,675653.8
34210013,17,3,2,2,3,0,2,0,5,14,2,3,12350.4
34210011,17,4,2,2,4,0,2,0,4,13,2,3,212.2
44450020,13,4,1,1,2,2,2,0,2,26,3,3,221.4
56480011,171,32,20,19,18,14,15,6,47,61,1,3,4302353.2
44450011,11,5,1,1,5,0,0,1,2,36,2,3,160.4
44450008,34,15,3,1,8,7,6,1,2,36,3,3,396.2
44450001,18,7,2,1,3,4,2,0,2,28,3,3,762028.8
34210009,35,4,8,3,4,0,6,2,6,47,2,3,206.0
34210003,11,2,2,1,2,0,1,1,2,11,2,3,564938.4
34210001,4,1,0,1,1,0,0,0,1,5,1,3,7335502.4
34210007,108,25,18,14,25,0,14,4,24,47,2,3,74.4
13960124,149,92,18,1,80,12,15,3,2,46,2,3,1657.8
13960131,138,84,17,1,68,16,12,5,2,46,1,3,2627.6
13960110,70,23,8,3,20,3,10,2,7,76,1,3,12628.8
26690001,36,2,0,1,2,0,10,0,1,21,1,3,5.9041648E7
13960112,68,30,11,1,22,8,10,1,2,66,2,3,344692.8
46140006,7,3,0,1,3,0,0,0,2,6,1,3,573957.2
46140003,30,8,5,3,8,0,3,2,7,26,1,3,838144.4
46140001,10,2,1,1,2,0,2,0,2,26,1,3,1398234.8
12240014,17,8,2,1,8,0,1,1,2,123,3,3,141.75
12240016,12,5,1,1,5,0,1,0,2,123,3,3,1950.4
46430003,70,39,0,7,19,20,0,0,18,22,1,3,4.73576974E7
10100006,12,3,1,1,2,1,0,1,2,33,1,3,1201891.6
10100003,44,16,5,1,8,8,4,1,2,33,2,3,646745.8
10100002,25,7,1,3,5,2,1,0,7,33,1,3,788847.8
10100005,36,15,4,1,4,11,3,1,2,33,1,3,292644.0
64300007,33,13,6,1,4,9,5,1,2,6,1,3,17650.2
68720007,8,2,1,1,2,0,0,1,2,102,3,3,61.25
68720008,13,2,2,1,2,0,0,2,2,102,4,3,1766683.0
68720006,8,2,1,1,2,0,0,1,2,102,3,3,579054.0
68720003,9,2,1,1,2,0,1,0,2,102,1,3,489.0
68720017,15,9,0,1,6,3,0,0,2,102,1,3,611423.8
68720014,523,113,78,28,95,18,53,34,66,102,1,3,3.754999592E8
68720022,84,25,12,5,20,5,7,5,12,188,3,3,785.2
68720035,17,8,2,1,8,0,1,1,2,188,3,3,67.6
58370010,79,23,1,11,23,0,10,0,27,35,1,3,13004.6
10100001,13,3,1,1,2,1,1,0,2,33,2,3,33078.6
58370001,21,2,0,1,2,0,5,0,2,15,1,3,7761531.2
23940003,23,4,4,1,4,0,3,1,2,16,3,3,703329.2
80840009,9,4,0,1,2,2,0,0,2,14,1,3,141.8
68720041,842,255,103,62,176,79,69,50,149,188,1,3,7164849.6
54480009,36,4,8,3,4,0,6,2,7,48,2,3,219.8
54480003,11,2,2,1,2,0,1,1,2,11,2,3,509203.6
54480001,4,1,0,1,1,0,0,0,1,5,1,3,6435376.2
68720055,50,18,3,5,12,6,4,0,11,72,1,3,1036974.8
68720066,10,3,1,1,3,0,1,0,2,6,1,3,123.8
88180009,155,44,21,13,24,20,18,8,33,62,2,3,2876072.6
32900010,19,7,1,3,7,0,0,1,7,58,1,1,1268.6
46390010,22,2,4,1,2,0,4,2,2,16,2,1,2236.2
15300003,27,12,4,1,10,2,3,1,2,26,3,1,790645.8
15300008,27,12,4,1,10,2,3,1,2,26,3,1,350.2
2850003,82,24,13,5,15,9,8,5,12,36,1,1,793131.8
2850004,29,11,5,1,5,6,4,1,2,36,1,1,144.6
20550001,12,3,2,1,3,0,1,1,2,45,2,1,553119.0
46390007,22,2,4,1,2,0,4,0,2,16,2,1,2353.4
46390004,22,2,4,1,2,0,4,0,2,16,2,1,2506.0
46390001,22,2,4,1,2,0,4,0,2,16,2,1,710123.4
20550002,93,22,14,13,22,0,12,2,16,45,2,1,405.4
20550003,10,2,1,1,2,0,1,0,2,45,2,1,4624.8
20550004,145,34,21,19,34,0,16,5,31,45,1,1,614142.6
20550005,10,2,1,1,2,0,1,0,2,45,1,1,5177.0
20550006,9,3,1,1,3,0,0,1,2,45,1,1,604782.8
13960003,25,5,0,3,5,0,0,0,7,51,1,1,2.433824114E8
13960002,13,2,0,1,2,0,0,0,2,51,2,1,6.04129686E7
13960006,44,18,1,5,17,1,0,1,12,51,2,1,2127616.8
13960010,72,38,3,5,35,3,0,3,12,51,2,1,849736.8
13960013,36,15,2,3,9,6,2,2,7,26,2,1,37190.2
13960022,28,7,1,3,6,1,0,1,7,36,2,1,79645.8
13960061,174,68,16,6,58,10,20,14,14,46,2,1,49953.4
13960024,22,2,0,1,2,0,0,0,2,31,1,1,1.851085788E8
13960028,47,24,1,1,8,16,0,5,2,31,2,1,25120.0
13960031,26,14,0,1,6,8,0,2,2,21,2,1,12751.0
13960030,12,2,0,1,2,0,0,0,2,21,1,1,3.372801444E8
19330017,43,10,3,5,8,2,2,1,12,22,1,1,374.6
13960035,13,5,1,1,4,1,0,1,2,26,2,1,7990.2
13960089,327,141,61,1,107,34,46,15,2,77,2,1,1549.0
13960095,326,194,41,3,149,45,36,5,7,77,2,1,3517.0
13960092,168,123,12,3,113,10,11,1,7,77,2,1,1186.0
13960098,74,44,7,3,41,3,5,2,7,76,2,1,568766.6
13960097,39,24,4,1,22,2,3,1,2,76,3,1,1006.4
13960090,293,113,59,1,72,41,49,10,2,77,2,1,635.4
56140006,10,4,0,1,3,1,0,0,2,6,1,1,1547.6
56140005,9,3,0,1,2,1,0,0,2,6,1,1,1587.6
56140003,37,11,0,7,11,0,0,0,18,22,1,1,757934.0
14360006,38,12,3,4,9,3,2,1,9,18,2,1,1.61855926E7
14360007,51,15,4,6,12,3,3,2,14,18,1,1,1.481098698E8
14360003,29,13,1,2,12,1,5,3,4,13,2,1,567210.2
14360004,38,16,1,4,15,1,5,3,9,13,1,1,581197.6
51380012,11,4,1,1,4,0,1,0,2,13,2,1,19321.8
13960077,104,62,7,7,59,3,5,2,17,91,2,1,279.25
51380001,30,12,5,1,5,7,4,1,2,51,2,1,572049.4
51380002,70,28,13,1,9,19,12,1,2,51,2,1,324.6
51380005,21,6,4,1,6,0,2,2,2,51,2,1,210.2
51380004,62,23,12,1,7,16,11,1,2,51,2,1,333.8
13960084,168,123,12,3,113,10,11,1,7,77,2,1,938.8
13960088,177,126,12,5,116,10,11,1,12,77,2,1,4326.8
61640001,11,2,1,1,2,0,1,0,2,67,1,1,4530.75
50390008,30,5,0,4,5,0,6,0,8,24,2,1,921.4
85690004,19,3,2,2,3,0,0,2,5,14,2,1,580436.2
73180034,48,18,3,6,12,6,6,0,12,30,2,1,241.0
61640007,8,2,1,1,2,0,0,1,2,67,1,1,526.2
36650004,23,11,1,3,11,0,0,1,7,81,1,1,173.4
36650008,23,11,1,3,11,0,0,1,7,81,1,1,167.0
20410004,214,136,8,7,21,115,17,8,19,44,1,1,3620597.6
75150001,25,5,6,1,5,0,4,2,1,9,2,1,760548.6
41880002,16,2,0,1,2,0,0,0,2,6,1,1,1670181.8
20410007,9,4,0,1,2,2,0,0,2,48,1,1,58.4
20410006,82,50,4,4,20,30,0,4,9,44,1,1,798.2
20410011,21,6,4,1,6,0,2,2,2,6,1,1,136.6
20410014,25,10,4,1,10,0,2,2,2,25,1,1,129.2
20410012,39,15,4,1,6,9,9,3,2,6,1,1,204.4
63080002,10,4,1,1,4,0,0,1,2,21,2,1,77.4
20410013,23,8,4,1,7,1,2,2,2,25,1,1,121.6
63080004,10,4,1,1,4,0,0,1,2,21,2,1,115.8
63080007,76,37,10,3,25,12,7,3,7,11,1,1,2861.4
23010001,6,2,0,1,2,0,0,0,2,37,1,1,2.3465806886E9
55400009,30,6,3,3,5,1,2,1,7,78,1,1,874.8
69920017,77,20,16,5,13,7,14,2,8,17,2,1,192.4
23010018,24,8,1,3,7,1,1,0,7,21,1,1,42.6
23010012,12,4,1,1,2,2,0,1,2,11,1,1,178.8
23010010,14,4,1,1,2,2,0,1,2,11,1,1,125.4
23010015,16,6,1,1,4,2,0,1,2,21,2,1,409618.0
23010016,25,9,1,3,7,2,0,1,7,21,1,1,123.8
23010013,13,5,1,1,4,1,1,0,2,21,2,1,38.5
69920002,57,6,8,3,5,1,8,0,7,32,2,1,1275.2
23010020,25,9,1,3,7,2,0,1,7,21,1,1,122.0
23580002,47,11,5,4,10,1,2,3,9,13,1,1,662635.6
23580006,33,7,4,3,7,0,3,1,7,48,1,1,144.2
55400019,77,22,8,7,15,7,6,2,13,17,1,1,1891.2
88870003,96,22,8,11,22,0,17,5,23,34,1,1,710.2
21490001,250,123,0,1,123,0,0,0,124,128,1,1,280.2
21490003,30,13,0,1,13,0,0,0,14,18,1,1,579517.6
21490002,130,63,0,1,63,0,0,0,64,68,1,1,211.2
54220003,31,7,4,1,7,0,2,2,2,24,1,1,2199799.2
26690018,176,62,22,13,40,22,19,8,33,62,2,1,5629523.4
13960103,247,96,16,8,47,49,34,14,20,76,1,1,7.00358858E7
13960100,103,44,6,1,18,26,15,7,2,76,4,1,10668.2
79280001,7,3,0,1,3,0,0,0,2,6,1,1,625372.6
79280002,7,3,0,1,3,0,0,0,2,11,1,1,59091.6
12240011,45,22,3,3,16,6,3,0,7,123,4,1,1426.0
12240023,20,8,1,3,8,0,0,1,7,123,1,1,284.0
12240024,16,7,1,1,3,4,0,1,2,123,1,1,731258.6
12240020,26,8,2,3,8,0,2,0,7,123,1,1,69426.4
12240004,21,7,3,1,5,2,2,1,2,123,2,1,435.8
12240002,26,8,2,3,8,0,2,0,7,123,1,1,63116.6
12240005,33,10,4,3,8,2,2,2,7,123,1,1,3695.2
10100004,61,19,7,3,11,8,4,3,7,33,1,1,2063.0
64300008,18,3,2,2,2,1,2,0,4,8,1,1,455451.6
68720032,15,3,3,1,2,1,2,1,2,188,2,1,51.0
80840008,10,3,1,1,2,1,1,0,2,6,1,1,146.2
80840001,17,8,2,1,6,2,1,1,2,22,3,1,598780.4
23940004,37,7,5,3,7,0,3,2,7,16,2,1,1269.6
68720057,17,4,2,2,3,1,2,0,4,72,2,1,95.4
65420003,100,20,0,6,9,11,15,0,18,22,1,1,7.71673213E8
72630004,16,2,0,1,2,0,0,0,2,38,1,1,3852709.6
88180007,84,24,12,6,11,13,11,5,16,62,4,1,1471699.8
32900013,15,6,2,1,6,0,1,1,2,58,2,2,604008.0
32900018,15,6,2,1,6,0,1,1,2,99,2,2,57.8
32900021,30,11,2,3,9,2,2,0,7,99,2,2,1033.2
32900027,301,129,37,17,68,61,25,15,39,99,2,2,2461.6
32900028,24,3,6,1,2,1,3,3,2,99,2,2,106.0
72430010,48,11,6,1,11,0,4,2,2,16,3,2,500303.2
54480010,45,7,8,5,7,0,6,2,12,48,1,2,1170.0
54480015,10,2,1,1,2,0,1,0,2,6,1,2,546.75
54480012,35,8,2,6,8,0,2,0,14,18,1,2,26943.6
41470002,8,2,1,1,2,0,0,1,2,13,1,2,644912.8
32900009,10,4,1,1,4,0,0,1,2,58,2,2,94.8
32900006,17,5,3,1,4,1,2,1,2,58,1,2,835.5
53040001,9,3,0,1,3,0,1,0,2,6,1,2,1179022.2
15300022,19,7,1,3,7,0,0,1,7,26,1,2,1349.4
18880001,22,14,0,1,9,5,0,0,2,11,2,2,1380003.0
15300032,19,7,1,3,7,0,0,1,7,26,1,2,1370.6
46390009,18,2,4,1,2,0,4,0,2,16,1,2,6937.4
13960015,24,12,0,1,4,8,0,2,2,26,2,2,16571.6
32900050,11,4,1,1,4,0,1,0,2,13,2,2,5048.6
13960048,24,11,0,1,2,9,0,2,2,46,1,2,19918.8
13960049,53,18,8,1,18,0,6,6,2,46,2,2,1417.4
13960053,174,68,16,6,58,10,20,14,14,46,2,2,129073.4
13960057,53,18,8,1,18,0,6,6,2,46,2,2,341.6
32900033,13,4,2,1,4,0,1,1,2,6,1,2,240.6
19330005,28,5,4,1,5,0,2,2,2,68,3,2,84.2
32900031,17,4,2,2,4,0,0,2,5,14,2,2,185.8
19330015,18,4,2,1,2,2,2,0,2,22,3,2,164.8
13960036,25,8,1,3,7,1,0,1,7,26,1,2,500991.2
13960038,25,8,1,3,7,1,0,1,7,26,1,2,2004953.8
13960093,317,191,41,1,146,45,36,5,2,77,2,2,1052.0
73190002,22,6,1,3,5,1,0,1,7,16,2,2,1255227.6
40000016,21,7,1,3,7,0,1,0,7,14,1,2,13635.8
51380013,21,7,1,3,7,0,1,0,7,13,1,2,1332179.0
51380011,9,2,1,1,2,0,1,0,2,8,1,2,20712.8
61780003,10,4,1,1,4,0,0,1,2,86,3,2,1167.4
61780001,31,4,6,1,3,1,8,0,2,86,2,2,55445.0
61780013,63,41,6,1,41,0,0,6,2,86,2,2,100.6
51380008,18,9,1,1,5,4,0,1,2,9,1,2,531405.8
13960078,20,11,2,1,10,1,1,1,2,91,2,2,292.6
61780008,211,86,36,5,38,48,34,2,12,86,2,2,2701.0
61780004,46,14,5,7,14,0,3,3,12,86,2,2,817519.6
73180004,9,2,1,1,2,0,1,0,2,39,1,2,21997.8
73180008,21,5,4,1,4,1,3,1,2,39,1,2,16431.4
61640002,11,2,1,1,2,0,1,0,2,67,1,2,7977.4
61640005,21,6,4,1,4,2,3,1,2,67,2,2,2912.8
73180014,272,81,37,21,48,33,36,8,55,79,1,2,2934108.6
73180026,8,2,1,1,2,0,0,1,2,79,1,2,72.6
73180023,281,86,37,21,48,38,38,8,55,79,1,2,1552.2
19350015,12,2,2,1,2,0,2,0,2,51,2,2,1821.2
73180028,19,3,4,1,3,0,4,0,2,6,1,2,39204.0
73180031,31,7,7,1,4,3,5,2,2,16,1,2,173.2
73180030,24,6,5,1,3,3,4,1,2,16,1,2,118.0
19350003,12,2,2,1,2,0,2,0,2,51,2,2,1901.2
61640013,15,7,1,1,6,1,0,1,2,11,2,2,2339787.8
61640015,50,24,4,2,24,0,2,2,4,19,2,2,4621292.6
19350009,15,4,2,1,2,2,1,1,2,51,2,2,636916.6
53140023,20,5,2,2,4,1,2,0,4,47,2,2,547759.6
51830010,10,2,1,1,2,0,2,0,2,6,1,2,5584.2
51830014,79,23,1,11,23,0,10,0,27,35,1,2,10032.4
51830007,27,11,1,2,10,1,5,3,4,10,1,2,512714.8
51830008,29,13,1,2,12,1,5,3,4,13,2,2,577468.4
51830003,21,2,0,1,2,0,5,0,2,35,2,2,7185112.6
51830004,33,4,1,2,4,0,6,0,6,35,1,2,7323904.8
23010008,14,4,1,1,2,2,0,1,2,11,1,2,639082.8
23010006,6,2,0,1,2,0,0,0,2,37,1,2,2.2267063216E9
55400010,15,4,1,1,3,1,0,1,2,78,2,2,575.2
23010004,6,2,0,1,2,0,0,0,2,37,1,2,2.2741143276E9
61780021,20,11,2,1,10,1,1,1,2,54,2,2,1092.8
23010005,6,2,0,1,2,0,0,0,2,37,1,2,2.164993885E9
61780017,26,11,4,1,9,2,3,1,2,54,2,2,454.0
69920019,10,2,1,1,2,0,1,0,2,6,1,2,426.8
55400004,30,6,3,3,5,1,2,1,7,78,2,2,751.8
23580010,42,10,4,3,10,0,3,1,7,48,2,2,92.4
23010025,7,3,0,1,3,0,0,0,2,24,1,2,73.4
23580001,33,8,4,2,7,1,2,2,4,13,2,2,596333.8
23580003,16,4,2,1,4,0,2,0,2,48,2,2,51.2
23580009,19,5,2,1,5,0,2,0,2,48,3,2,564828.8
23580008,49,9,5,4,9,0,4,1,9,48,2,2,231.4
23580005,16,4,2,1,4,0,2,0,2,48,2,2,55.2
13350007,36,9,6,3,2,7,4,2,6,10,1,2,1165.2
13350006,18,9,1,1,5,4,0,1,2,9,1,2,527089.8
13350005,12,2,2,1,2,0,2,0,2,28,1,2,61310.0
13350004,79,25,8,8,18,7,6,2,19,28,1,2,4225334.4
69920007,31,10,4,1,3,7,3,1,2,51,2,2,363.2
13120014,28,9,1,4,9,0,1,0,9,15,1,2,2792.4
13120012,38,16,1,4,15,1,5,3,9,13,1,2,3986.8
13120003,33,12,3,4,11,1,1,2,10,14,1,2,3180.8
34210014,27,6,2,4,6,0,2,0,10,14,1,2,43609.8
34210012,29,7,2,4,7,0,2,0,9,13,1,2,1639.2
56480001,11,2,2,1,2,0,1,1,2,22,1,2,47.6
56480006,11,2,2,1,2,0,1,1,2,61,2,2,67.4
56480003,11,2,2,1,2,0,1,1,2,22,1,2,134.4
56480012,31,4,7,2,2,2,3,4,4,61,1,2,577670.4
34210008,117,28,18,16,28,0,14,4,29,47,1,2,614119.8
34210002,12,3,1,1,3,0,0,1,2,6,1,2,601855.8
13960128,181,115,21,1,90,25,17,4,2,46,1,2,2609.8
26690025,25,7,5,1,6,1,4,1,2,47,1,2,68.4
26690022,8,2,1,1,2,0,0,1,2,62,1,2,53.4
26690017,159,57,20,11,35,22,17,8,28,62,3,2,4606145.8
26690010,457,171,41,27,89,82,39,4,72,86,1,2,7741.8
13960105,70,35,6,3,19,16,6,2,7,76,1,2,1691.8
26690006,46,29,3,1,6,23,3,0,2,86,3,2,154.6
13960114,291,100,49,7,46,54,40,13,17,66,1,2,358287.8
13960113,19,7,3,1,6,1,2,1,2,66,2,2,121.2
13960117,22,7,4,1,5,2,3,1,2,66,2,2,496.2
13960115,22,7,4,1,5,2,3,1,2,66,2,2,480.75
46140002,21,5,5,1,5,0,3,2,2,26,2,2,805.2
12240010,33,19,3,1,13,6,3,0,2,123,5,2,781486.6
12240003,15,2,3,1,2,0,3,0,2,123,1,2,22730.4
64300006,18,9,1,1,5,4,0,1,2,9,1,2,497427.4
68720005,9,2,1,1,2,0,1,0,2,102,2,2,3627.2
68720004,9,2,1,1,2,0,1,0,2,102,2,2,569875.2
68720013,349,77,65,20,60,17,40,34,46,102,2,2,1.166031622E8
64300010,22,7,1,3,7,0,1,0,7,11,1,2,20727.8
68720018,11,2,2,1,2,0,1,1,2,188,2,2,98.25
68720015,15,3,3,1,3,0,2,1,2,102,1,2,77.8
68720021,64,20,10,3,15,5,6,4,7,188,4,2,839.8
56310006,7,2,0,1,0,2,0,0,1,13,1,2,54.8
56310003,31,11,0,3,3,8,0,0,7,14,1,2,1173122.8
56310002,16,6,1,1,2,4,0,1,2,11,1,2,5225751.8
58370007,8,3,0,1,3,0,1,0,2,35,2,2,1277.0
80840007,39,12,4,4,9,3,2,2,10,14,1,2,193.0
24790002,34,12,0,6,12,0,0,0,12,16,1,2,895508.4
68720039,23,8,4,1,8,0,2,2,2,188,2,2,47.2
68720046,10,3,1,1,2,1,1,0,2,6,1,2,112.2
68720043,15,3,3,1,2,1,2,1,2,188,1,2,43.2
68720044,16,4,3,1,2,2,2,1,2,188,1,2,110.6
68720040,23,8,4,1,8,0,2,2,2,188,2,2,46.2
54480008,117,28,18,16,28,0,14,4,29,48,1,2,535612.4
68720054,17,4,2,2,3,1,2,0,4,72,2,2,123.0
73210001,12,2,2,1,2,0,2,0,2,46,2,2,623.4
68720058,37,13,2,4,10,3,3,0,8,72,1,2,344.8
68720067,16,3,2,2,2,1,2,0,4,16,2,2,144.2
68720063,8,2,1,1,2,0,0,1,2,24,1,2,117.4
73210008,13,4,2,1,4,0,1,1,2,46,2,2,535797.4
72430011,342,65,82,3,65,0,60,22,7,16,2,16,394.4
15300004,36,15,4,3,13,2,3,1,7,26,2,16,3185.8
15300005,45,18,4,5,16,2,3,1,12,26,1,16,75116.2
15300002,27,11,1,3,9,2,2,2,7,11,1,16,650987.6
15300015,45,18,4,5,16,2,3,1,12,26,1,16,69128.8
15300014,36,15,4,3,13,2,3,1,7,26,2,16,1762.0
15300010,45,18,4,5,16,2,3,1,12,26,1,16,52677.0
30080003,12,5,1,1,5,0,0,1,2,6,1,16,1.8446685404456235E19
2850005,11,2,2,1,2,0,1,1,2,36,1,16,88.6
30080002,113,60,24,1,60,0,16,8,2,11,1,16,1.8446684330714382E19
30080001,115,62,24,1,62,0,16,8,2,11,1,16,1.8446703597937994E19
15300025,45,18,4,5,16,2,3,1,12,26,1,16,46619.8
15300024,36,15,4,3,13,2,3,1,7,26,2,16,2175.8
2850011,22,7,1,3,7,0,1,0,7,11,1,16,15946.2
15300029,36,15,4,3,13,2,3,1,7,26,2,16,2275.0
15300030,45,18,4,5,16,2,3,1,12,26,1,16,44814.4
32900051,21,7,1,3,7,0,1,0,7,13,1,16,16926.8
7670007,39,18,6,1,5,13,5,1,2,60,4,16,621347.4
13960055,11,5,1,1,5,0,0,1,2,46,1,16,136.4
19330002,24,5,2,3,5,0,1,1,7,21,1,16,125.25
19330007,63,10,10,5,10,0,6,4,12,68,1,16,236.0
32900032,29,7,2,4,7,0,0,2,10,14,1,16,2012.6
13960025,27,11,1,1,2,9,0,3,2,31,1,16,285240.2
13960027,41,18,3,3,15,3,0,3,7,31,1,16,8021199.6
13960033,9,3,1,1,3,0,0,1,2,21,1,16,85.2
13960034,9,2,0,1,2,0,0,0,2,26,1,16,1.740670052E8
7670008,13,4,1,1,3,1,1,0,2,60,4,16,16117.8
56140007,5,2,0,1,2,0,0,0,2,6,1,16,178.2
56140004,19,5,0,3,3,2,0,0,8,12,1,16,18983.4
15240005,31,10,6,1,2,8,5,1,2,21,1,16,68.2
51380007,21,6,4,1,6,0,2,2,2,51,1,16,276.2
61780006,85,37,15,1,16,21,14,1,2,86,4,16,731369.0
85690002,23,3,2,2,3,0,4,0,5,19,2,16,2221.6
61640022,58,19,12,1,11,8,8,4,2,31,1,16,1088.0
19350018,26,5,4,3,5,0,3,1,7,51,1,16,126.0
73180035,98,34,5,12,22,12,8,0,26,30,1,16,718376.8
40000002,13,4,2,1,4,0,1,1,2,31,2,16,157.4
36650007,14,8,1,1,8,0,0,1,2,81,2,16,48.6
53140024,69,18,10,5,17,1,6,4,11,47,1,16,3507.6
63080014,32,16,1,2,12,4,5,3,4,15,2,16,803257.2
63080001,38,12,0,4,8,4,6,0,9,13,1,16,1.190724693076E11
63080009,23,10,3,1,6,4,2,1,2,31,3,16,823612.6
55400006,30,6,3,3,5,1,2,1,7,78,2,16,610.8
55400003,21,3,3,1,2,1,2,1,2,78,3,16,183.0
55400001,15,2,2,1,2,0,1,1,2,78,3,16,694077.4
23010024,23,9,1,3,7,2,0,1,7,21,1,16,137.6
13120009,78,37,11,2,37,0,8,3,5,14,2,16,962.8
56480005,9,2,1,1,2,0,1,0,2,61,2,16,657397.4
44450016,8,2,1,1,2,0,0,1,2,21,1,16,137.0
44450021,48,19,4,3,5,14,5,0,7,26,2,16,1470.4
26690013,38,12,6,2,10,2,5,2,4,31,1,16,79.25
46140005,18,5,1,3,5,0,0,1,7,26,1,16,1218575.4
26690009,119,58,10,5,25,33,10,0,13,86,2,16,329.6
34780003,22,6,1,3,6,0,1,0,7,14,1,16,1081647.8
68720020,30,10,5,1,7,3,3,2,2,188,5,16,515390.2
27910003,27,11,1,2,10,1,5,3,4,10,1,16,8246.8
58370006,10,2,1,1,2,0,2,0,2,6,1,16,7118.0
72630009,20,6,2,1,6,0,3,2,2,21,1,16,114.6
72630008,19,10,0,1,10,0,4,2,2,17,1,16,55.4
72630010,39,19,3,1,19,0,3,0,2,21,1,16,91.0
72630012,60,16,6,1,16,0,9,6,2,21,1,16,234.4
72630011,21,7,2,1,7,0,0,2,2,21,1,16,52.25
88180010,183,51,26,15,31,20,23,8,38,62,1,16,1984847.6
88180018,31,7,7,1,4,3,5,2,2,16,1,16,150.6
88180017,24,6,5,1,3,3,4,1,2,16,1,16,74.4
88180015,19,3,4,1,3,0,4,0,2,6,1,16,15728.0
72630003,41,7,2,1,7,0,8,4,2,38,1,16,493.4
72630001,41,7,2,1,7,0,8,4,2,38,1,16,467.6
72630007,57,10,3,1,10,0,12,6,2,17,1,16,509.4
72630006,10,3,1,1,3,0,0,1,2,38,1,16,573833.8
72630005,37,7,2,1,7,0,8,4,2,38,1,16,795224.6
73210004,46,7,10,3,7,0,8,2,7,46,2,16,117.0
73210003,31,4,8,1,4,0,7,1,2,46,3,16,553364.4
88180006,20,7,2,1,3,4,1,1,2,39,1,16,769728.8
88180005,21,5,4,1,4,1,3,1,2,39,1,16,10462.8
88180004,22,6,4,1,4,2,3,1,2,39,1,16,7168.6
88180003,28,12,4,1,12,0,2,2,2,39,1,16,7149.2
88180002,12,3,1,1,3,0,2,2,2,39,1,16,93.0
73210010,12,3,1,1,3,0,0,1,2,6,1,16,583031.6
73210009,22,7,2,3,7,0,1,1,7,46,1,16,161.5
